{
  "Bean": 0.9999943173423347,
  "Bitter_Gourd": 0.9999838991366149,
  "Bottle_Gourd": 1.0,
  "Broccoli": 0.9978500611832808,
  "Cabbage": 1.0,
  "Capsicum": 1.0,
  "Carrot": 1.0,
  "Cauliflower": 1.0,
  "Cucumber": 0.9999962115615564,
  "Ketchup": 0.9991694352159468,
  "Knorr": 1.0,
  "Potato": 1.0,
  "Pumpkin": 0.9999981057807782,
  "Quaker \u12a0\u1303": 1.0,
  "Sunsilk": 1.0,
  "Tomato": 1.0,
  "UNKNOWN": 1.0,
  "\u120b\u12ed\u134d \u1266\u12ed \u1233\u1219\u1293": 1.0,
  "\u121b\u122d\u121b\u122b\u1273": 0.9999589086127547,
  "\u121d\u1225\u122d": 1.0,
  "\u1229\u12dd": 1.0,
  "\u1236\u134d\u1275": 1.0,
  "\u1260\u1228\u12aa\u1293": 1.0,
  "\u126a\u121d": 1.0,
  "\u12a6\u121e": 1.0,
  "\u12ad\u12ad": 1.0,
  "\u12d8\u12ed\u1275": 1.0,
  "\u12e8\u1208\u12cd\u12dd \u1245\u1264": 1.0,
  "\u12e8\u123b\u12ed \u1245\u1320\u120d": 1.0,
  "\u12e8\u12a5\u1243 \u12a0\u1303\u12ad\u1235": 1.0,
  "\u12e8\u12a5\u1305 \u1233\u1219\u1293": 1.0,
  "\u12e8\u1308\u1260\u1273 \u1328\u12cd": 1.0,
  "\u12f2\u126b \u12e8\u1328\u122d\u1245 \u1233\u1219\u1293": 1.0,
  "\u12f2\u1276\u120d": 1.0,
  "\u12f5\u134d\u1295 \u121d\u1225\u122d": 1.0,
  "\u12f6\u126d \u1233\u1219\u1293": 1.0,
  "\u1325\u121d\u12dd\u121d\u12dd \u1218\u12ae\u1228\u1292": 1.0,
  "\u1348\u1233\u123d \u12e8\u120d\u1265\u1235 \u1233\u1219\u1293": 1.0,
  "\u1353\u1235\u1273": 1.0,
  "micro": 0.9997643174511609
}